file_name,extension,relative_path,full_path
Burnt Orange.png,png,Background/Burnt Orange.png,/Users/joshuahamsa/Library/Mobile Documents/com~apple~CloudDocs/LFGO/Media/Images/Traits/S3 ALL TRAITS/Background/Burnt Orange.png
Concrete.png,png,Background/Concrete.png,/Users/joshuahamsa/Library/Mobile Documents/com~apple~CloudDocs/LFGO/Media/Images/Traits/S3 ALL TRAITS/Background/Concrete.png
Jaffa.png,png,Background/Jaffa.png,/Users/joshuahamsa/Library/Mobile Documents/com~apple~CloudDocs/LFGO/Media/Images/Traits/S3 ALL TRAITS/Background/Jaffa.png
Laflame.png,png,Background/Laflame.png,/Users/joshuahamsa/Library/Mobile Documents/com~apple~CloudDocs/LFGO/Media/Images/Traits/S3 ALL TRAITS/Background/Laflame.png
Lucid Dreams.png,png,Background/Lucid Dreams.png,/Users/joshuahamsa/Library/Mobile Documents/com~apple~CloudDocs/LFGO/Media/Images/Traits/S3 ALL TRAITS/Background/Lucid Dreams.png
Moon Grave.png,png,Background/Moon Grave.png,/Users/joshuahamsa/Library/Mobile Documents/com~apple~CloudDocs/LFGO/Media/Images/Traits/S3 ALL TRAITS/Background/Moon Grave.png
Muted Tan.png,png,Background/Muted Tan.png,/Users/joshuahamsa/Library/Mobile Documents/com~apple~CloudDocs/LFGO/Media/Images/Traits/S3 ALL TRAITS/Background/Muted Tan.png
Orange Grave.png,png,Background/Orange Grave.png,/Users/joshuahamsa/Library/Mobile Documents/com~apple~CloudDocs/LFGO/Media/Images/Traits/S3 ALL TRAITS/Background/Orange Grave.png
Orange Spider.png,png,Background/Orange Spider.png,/Users/joshuahamsa/Library/Mobile Documents/com~apple~CloudDocs/LFGO/Media/Images/Traits/S3 ALL TRAITS/Background/Orange Spider.png
Pirate Gold.png,png,Background/Pirate Gold.png,/Users/joshuahamsa/Library/Mobile Documents/com~apple~CloudDocs/LFGO/Media/Images/Traits/S3 ALL TRAITS/Background/Pirate Gold.png
Red Damask.png,png,Background/Red Damask.png,/Users/joshuahamsa/Library/Mobile Documents/com~apple~CloudDocs/LFGO/Media/Images/Traits/S3 ALL TRAITS/Background/Red Damask.png
Red Devil.png,png,Background/Red Devil.png,/Users/joshuahamsa/Library/Mobile Documents/com~apple~CloudDocs/LFGO/Media/Images/Traits/S3 ALL TRAITS/Background/Red Devil.png
Reef Gold.png,png,Background/Reef Gold.png,/Users/joshuahamsa/Library/Mobile Documents/com~apple~CloudDocs/LFGO/Media/Images/Traits/S3 ALL TRAITS/Background/Reef Gold.png
Rosewood.png,png,Background/Rosewood.png,/Users/joshuahamsa/Library/Mobile Documents/com~apple~CloudDocs/LFGO/Media/Images/Traits/S3 ALL TRAITS/Background/Rosewood.png
Space Sunset.png,png,Background/Space Sunset.png,/Users/joshuahamsa/Library/Mobile Documents/com~apple~CloudDocs/LFGO/Media/Images/Traits/S3 ALL TRAITS/Background/Space Sunset.png
Temptress.png,png,Background/Temptress.png,/Users/joshuahamsa/Library/Mobile Documents/com~apple~CloudDocs/LFGO/Media/Images/Traits/S3 ALL TRAITS/Background/Temptress.png
Verdun Green.png,png,Background/Verdun Green.png,/Users/joshuahamsa/Library/Mobile Documents/com~apple~CloudDocs/LFGO/Media/Images/Traits/S3 ALL TRAITS/Background/Verdun Green.png
Balloon.png,png,Female Accessory/Balloon.png,/Users/joshuahamsa/Library/Mobile Documents/com~apple~CloudDocs/LFGO/Media/Images/Traits/S3 ALL TRAITS/Female Accessory/Balloon.png
Bone.png,png,Female Accessory/Bone.png,/Users/joshuahamsa/Library/Mobile Documents/com~apple~CloudDocs/LFGO/Media/Images/Traits/S3 ALL TRAITS/Female Accessory/Bone.png
Freddy Claws.png,png,Female Accessory/Freddy Claws.png,/Users/joshuahamsa/Library/Mobile Documents/com~apple~CloudDocs/LFGO/Media/Images/Traits/S3 ALL TRAITS/Female Accessory/Freddy Claws.png
Fried Chicken#1.png,png,Female Accessory/Fried Chicken#1.png,/Users/joshuahamsa/Library/Mobile Documents/com~apple~CloudDocs/LFGO/Media/Images/Traits/S3 ALL TRAITS/Female Accessory/Fried Chicken#1.png
Handlebars.png,png,Female Accessory/Handlebars.png,/Users/joshuahamsa/Library/Mobile Documents/com~apple~CloudDocs/LFGO/Media/Images/Traits/S3 ALL TRAITS/Female Accessory/Handlebars.png
Knife.png,png,Female Accessory/Knife.png,/Users/joshuahamsa/Library/Mobile Documents/com~apple~CloudDocs/LFGO/Media/Images/Traits/S3 ALL TRAITS/Female Accessory/Knife.png
Nail Bat.png,png,Female Accessory/Nail Bat.png,/Users/joshuahamsa/Library/Mobile Documents/com~apple~CloudDocs/LFGO/Media/Images/Traits/S3 ALL TRAITS/Female Accessory/Nail Bat.png
None.png,png,Female Accessory/None.png,/Users/joshuahamsa/Library/Mobile Documents/com~apple~CloudDocs/LFGO/Media/Images/Traits/S3 ALL TRAITS/Female Accessory/None.png
Rattie Brown.png,png,Female Accessory/Rattie Brown.png,/Users/joshuahamsa/Library/Mobile Documents/com~apple~CloudDocs/LFGO/Media/Images/Traits/S3 ALL TRAITS/Female Accessory/Rattie Brown.png
Rattie Grey.png,png,Female Accessory/Rattie Grey.png,/Users/joshuahamsa/Library/Mobile Documents/com~apple~CloudDocs/LFGO/Media/Images/Traits/S3 ALL TRAITS/Female Accessory/Rattie Grey.png
Sword.png,png,Female Accessory/Sword.png,/Users/joshuahamsa/Library/Mobile Documents/com~apple~CloudDocs/LFGO/Media/Images/Traits/S3 ALL TRAITS/Female Accessory/Sword.png
Test Tube.png,png,Female Accessory/Test Tube.png,/Users/joshuahamsa/Library/Mobile Documents/com~apple~CloudDocs/LFGO/Media/Images/Traits/S3 ALL TRAITS/Female Accessory/Test Tube.png
Trident.png,png,Female Accessory/Trident.png,/Users/joshuahamsa/Library/Mobile Documents/com~apple~CloudDocs/LFGO/Media/Images/Traits/S3 ALL TRAITS/Female Accessory/Trident.png
Wand.png,png,Female Accessory/Wand.png,/Users/joshuahamsa/Library/Mobile Documents/com~apple~CloudDocs/LFGO/Media/Images/Traits/S3 ALL TRAITS/Female Accessory/Wand.png
None.png,png,Female Back/None.png,/Users/joshuahamsa/Library/Mobile Documents/com~apple~CloudDocs/LFGO/Media/Images/Traits/S3 ALL TRAITS/Female Back/None.png
Curved Burned.png,png,Female Body/Curved Burned.png,/Users/joshuahamsa/Library/Mobile Documents/com~apple~CloudDocs/LFGO/Media/Images/Traits/S3 ALL TRAITS/Female Body/Curved Burned.png
Curved Dark.png,png,Female Body/Curved Dark.png,/Users/joshuahamsa/Library/Mobile Documents/com~apple~CloudDocs/LFGO/Media/Images/Traits/S3 ALL TRAITS/Female Body/Curved Dark.png
Curved Green.png,png,Female Body/Curved Green.png,/Users/joshuahamsa/Library/Mobile Documents/com~apple~CloudDocs/LFGO/Media/Images/Traits/S3 ALL TRAITS/Female Body/Curved Green.png
Curved Grey.png,png,Female Body/Curved Grey.png,/Users/joshuahamsa/Library/Mobile Documents/com~apple~CloudDocs/LFGO/Media/Images/Traits/S3 ALL TRAITS/Female Body/Curved Grey.png
Curved Light.png,png,Female Body/Curved Light.png,/Users/joshuahamsa/Library/Mobile Documents/com~apple~CloudDocs/LFGO/Media/Images/Traits/S3 ALL TRAITS/Female Body/Curved Light.png
Curved Medium.png,png,Female Body/Curved Medium.png,/Users/joshuahamsa/Library/Mobile Documents/com~apple~CloudDocs/LFGO/Media/Images/Traits/S3 ALL TRAITS/Female Body/Curved Medium.png
Curved White.png,png,Female Body/Curved White.png,/Users/joshuahamsa/Library/Mobile Documents/com~apple~CloudDocs/LFGO/Media/Images/Traits/S3 ALL TRAITS/Female Body/Curved White.png
Blue Monster Costume.png,png,Female Clothing/Blue Monster Costume.png,/Users/joshuahamsa/Library/Mobile Documents/com~apple~CloudDocs/LFGO/Media/Images/Traits/S3 ALL TRAITS/Female Clothing/Blue Monster Costume.png
Chicken Suit Iridescent.png,png,Female Clothing/Chicken Suit Iridescent.png,/Users/joshuahamsa/Library/Mobile Documents/com~apple~CloudDocs/LFGO/Media/Images/Traits/S3 ALL TRAITS/Female Clothing/Chicken Suit Iridescent.png
Chicken Suit.png,png,Female Clothing/Chicken Suit.png,/Users/joshuahamsa/Library/Mobile Documents/com~apple~CloudDocs/LFGO/Media/Images/Traits/S3 ALL TRAITS/Female Clothing/Chicken Suit.png
Corsette.png,png,Female Clothing/Corsette.png,/Users/joshuahamsa/Library/Mobile Documents/com~apple~CloudDocs/LFGO/Media/Images/Traits/S3 ALL TRAITS/Female Clothing/Corsette.png
Dolly.png,png,Female Clothing/Dolly.png,/Users/joshuahamsa/Library/Mobile Documents/com~apple~CloudDocs/LFGO/Media/Images/Traits/S3 ALL TRAITS/Female Clothing/Dolly.png
Flight Attendant Scarf.png,png,Female Clothing/Flight Attendant Scarf.png,/Users/joshuahamsa/Library/Mobile Documents/com~apple~CloudDocs/LFGO/Media/Images/Traits/S3 ALL TRAITS/Female Clothing/Flight Attendant Scarf.png
Flight Attendant.png,png,Female Clothing/Flight Attendant.png,/Users/joshuahamsa/Library/Mobile Documents/com~apple~CloudDocs/LFGO/Media/Images/Traits/S3 ALL TRAITS/Female Clothing/Flight Attendant.png
Frankenbride.png,png,Female Clothing/Frankenbride.png,/Users/joshuahamsa/Library/Mobile Documents/com~apple~CloudDocs/LFGO/Media/Images/Traits/S3 ALL TRAITS/Female Clothing/Frankenbride.png
Go Zombies Green.png,png,Female Clothing/Go Zombies Green.png,/Users/joshuahamsa/Library/Mobile Documents/com~apple~CloudDocs/LFGO/Media/Images/Traits/S3 ALL TRAITS/Female Clothing/Go Zombies Green.png
Go Zombies Purple.png,png,Female Clothing/Go Zombies Purple.png,/Users/joshuahamsa/Library/Mobile Documents/com~apple~CloudDocs/LFGO/Media/Images/Traits/S3 ALL TRAITS/Female Clothing/Go Zombies Purple.png
Green Monster Costume.png,png,Female Clothing/Green Monster Costume.png,/Users/joshuahamsa/Library/Mobile Documents/com~apple~CloudDocs/LFGO/Media/Images/Traits/S3 ALL TRAITS/Female Clothing/Green Monster Costume.png
Mermaid.png,png,Female Clothing/Mermaid.png,/Users/joshuahamsa/Library/Mobile Documents/com~apple~CloudDocs/LFGO/Media/Images/Traits/S3 ALL TRAITS/Female Clothing/Mermaid.png
Nun Habit.png,png,Female Clothing/Nun Habit.png,/Users/joshuahamsa/Library/Mobile Documents/com~apple~CloudDocs/LFGO/Media/Images/Traits/S3 ALL TRAITS/Female Clothing/Nun Habit.png
Pink Monster Costume.png,png,Female Clothing/Pink Monster Costume.png,/Users/joshuahamsa/Library/Mobile Documents/com~apple~CloudDocs/LFGO/Media/Images/Traits/S3 ALL TRAITS/Female Clothing/Pink Monster Costume.png
Ring Dress.png,png,Female Clothing/Ring Dress.png,/Users/joshuahamsa/Library/Mobile Documents/com~apple~CloudDocs/LFGO/Media/Images/Traits/S3 ALL TRAITS/Female Clothing/Ring Dress.png
Tinkerbell.png,png,Female Clothing/Tinkerbell.png,/Users/joshuahamsa/Library/Mobile Documents/com~apple~CloudDocs/LFGO/Media/Images/Traits/S3 ALL TRAITS/Female Clothing/Tinkerbell.png
Wednesday.png,png,Female Clothing/Wednesday.png,/Users/joshuahamsa/Library/Mobile Documents/com~apple~CloudDocs/LFGO/Media/Images/Traits/S3 ALL TRAITS/Female Clothing/Wednesday.png
Witch Costume.png,png,Female Clothing/Witch Costume.png,/Users/joshuahamsa/Library/Mobile Documents/com~apple~CloudDocs/LFGO/Media/Images/Traits/S3 ALL TRAITS/Female Clothing/Witch Costume.png
Beauty.png,png,Female Eyebrows/Beauty.png,/Users/joshuahamsa/Library/Mobile Documents/com~apple~CloudDocs/LFGO/Media/Images/Traits/S3 ALL TRAITS/Female Eyebrows/Beauty.png
Billy.png,png,Female Eyebrows/Billy.png,/Users/joshuahamsa/Library/Mobile Documents/com~apple~CloudDocs/LFGO/Media/Images/Traits/S3 ALL TRAITS/Female Eyebrows/Billy.png
Curious.png,png,Female Eyebrows/Curious.png,/Users/joshuahamsa/Library/Mobile Documents/com~apple~CloudDocs/LFGO/Media/Images/Traits/S3 ALL TRAITS/Female Eyebrows/Curious.png
Emo.png,png,Female Eyebrows/Emo.png,/Users/joshuahamsa/Library/Mobile Documents/com~apple~CloudDocs/LFGO/Media/Images/Traits/S3 ALL TRAITS/Female Eyebrows/Emo.png
Evil Clown.png,png,Female Eyebrows/Evil Clown.png,/Users/joshuahamsa/Library/Mobile Documents/com~apple~CloudDocs/LFGO/Media/Images/Traits/S3 ALL TRAITS/Female Eyebrows/Evil Clown.png
Eye Shadow.png,png,Female Eyebrows/Eye Shadow.png,/Users/joshuahamsa/Library/Mobile Documents/com~apple~CloudDocs/LFGO/Media/Images/Traits/S3 ALL TRAITS/Female Eyebrows/Eye Shadow.png
Flat.png,png,Female Eyebrows/Flat.png,/Users/joshuahamsa/Library/Mobile Documents/com~apple~CloudDocs/LFGO/Media/Images/Traits/S3 ALL TRAITS/Female Eyebrows/Flat.png
Furious.png,png,Female Eyebrows/Furious.png,/Users/joshuahamsa/Library/Mobile Documents/com~apple~CloudDocs/LFGO/Media/Images/Traits/S3 ALL TRAITS/Female Eyebrows/Furious.png
Happy Ghost.png,png,Female Eyebrows/Happy Ghost.png,/Users/joshuahamsa/Library/Mobile Documents/com~apple~CloudDocs/LFGO/Media/Images/Traits/S3 ALL TRAITS/Female Eyebrows/Happy Ghost.png
Hmm.png,png,Female Eyebrows/Hmm.png,/Users/joshuahamsa/Library/Mobile Documents/com~apple~CloudDocs/LFGO/Media/Images/Traits/S3 ALL TRAITS/Female Eyebrows/Hmm.png
Interested.png,png,Female Eyebrows/Interested.png,/Users/joshuahamsa/Library/Mobile Documents/com~apple~CloudDocs/LFGO/Media/Images/Traits/S3 ALL TRAITS/Female Eyebrows/Interested.png
Muddled.png,png,Female Eyebrows/Muddled.png,/Users/joshuahamsa/Library/Mobile Documents/com~apple~CloudDocs/LFGO/Media/Images/Traits/S3 ALL TRAITS/Female Eyebrows/Muddled.png
Nightmare.png,png,Female Eyebrows/Nightmare.png,/Users/joshuahamsa/Library/Mobile Documents/com~apple~CloudDocs/LFGO/Media/Images/Traits/S3 ALL TRAITS/Female Eyebrows/Nightmare.png
None.png,png,Female Eyebrows/None.png,/Users/joshuahamsa/Library/Mobile Documents/com~apple~CloudDocs/LFGO/Media/Images/Traits/S3 ALL TRAITS/Female Eyebrows/None.png
Questioning.png,png,Female Eyebrows/Questioning.png,/Users/joshuahamsa/Library/Mobile Documents/com~apple~CloudDocs/LFGO/Media/Images/Traits/S3 ALL TRAITS/Female Eyebrows/Questioning.png
Raised.png,png,Female Eyebrows/Raised.png,/Users/joshuahamsa/Library/Mobile Documents/com~apple~CloudDocs/LFGO/Media/Images/Traits/S3 ALL TRAITS/Female Eyebrows/Raised.png
Rhinestone.png,png,Female Eyebrows/Rhinestone.png,/Users/joshuahamsa/Library/Mobile Documents/com~apple~CloudDocs/LFGO/Media/Images/Traits/S3 ALL TRAITS/Female Eyebrows/Rhinestone.png
Shadows.png,png,Female Eyebrows/Shadows.png,/Users/joshuahamsa/Library/Mobile Documents/com~apple~CloudDocs/LFGO/Media/Images/Traits/S3 ALL TRAITS/Female Eyebrows/Shadows.png
Skeptical Lashes.png,png,Female Eyebrows/Skeptical Lashes.png,/Users/joshuahamsa/Library/Mobile Documents/com~apple~CloudDocs/LFGO/Media/Images/Traits/S3 ALL TRAITS/Female Eyebrows/Skeptical Lashes.png
Thin.png,png,Female Eyebrows/Thin.png,/Users/joshuahamsa/Library/Mobile Documents/com~apple~CloudDocs/LFGO/Media/Images/Traits/S3 ALL TRAITS/Female Eyebrows/Thin.png
Voodoo.png,png,Female Eyebrows/Voodoo.png,/Users/joshuahamsa/Library/Mobile Documents/com~apple~CloudDocs/LFGO/Media/Images/Traits/S3 ALL TRAITS/Female Eyebrows/Voodoo.png
Wicked Brow.png,png,Female Eyebrows/Wicked Brow.png,/Users/joshuahamsa/Library/Mobile Documents/com~apple~CloudDocs/LFGO/Media/Images/Traits/S3 ALL TRAITS/Female Eyebrows/Wicked Brow.png
Chucky.png,png,Female Eyes/Chucky.png,/Users/joshuahamsa/Library/Mobile Documents/com~apple~CloudDocs/LFGO/Media/Images/Traits/S3 ALL TRAITS/Female Eyes/Chucky.png
Creepy.png,png,Female Eyes/Creepy.png,/Users/joshuahamsa/Library/Mobile Documents/com~apple~CloudDocs/LFGO/Media/Images/Traits/S3 ALL TRAITS/Female Eyes/Creepy.png
Ghoul.png,png,Female Eyes/Ghoul.png,/Users/joshuahamsa/Library/Mobile Documents/com~apple~CloudDocs/LFGO/Media/Images/Traits/S3 ALL TRAITS/Female Eyes/Ghoul.png
Glasses Round Lashes.png,png,Female Eyes/Glasses Round Lashes.png,/Users/joshuahamsa/Library/Mobile Documents/com~apple~CloudDocs/LFGO/Media/Images/Traits/S3 ALL TRAITS/Female Eyes/Glasses Round Lashes.png
Howl at the Moon.png,png,Female Eyes/Howl at the Moon.png,/Users/joshuahamsa/Library/Mobile Documents/com~apple~CloudDocs/LFGO/Media/Images/Traits/S3 ALL TRAITS/Female Eyes/Howl at the Moon.png
Hypno.png,png,Female Eyes/Hypno.png,/Users/joshuahamsa/Library/Mobile Documents/com~apple~CloudDocs/LFGO/Media/Images/Traits/S3 ALL TRAITS/Female Eyes/Hypno.png
Its Alive.png,png,Female Eyes/Its Alive.png,/Users/joshuahamsa/Library/Mobile Documents/com~apple~CloudDocs/LFGO/Media/Images/Traits/S3 ALL TRAITS/Female Eyes/Its Alive.png
Laser.png,png,Female Eyes/Laser.png,/Users/joshuahamsa/Library/Mobile Documents/com~apple~CloudDocs/LFGO/Media/Images/Traits/S3 ALL TRAITS/Female Eyes/Laser.png
Mindless.png,png,Female Eyes/Mindless.png,/Users/joshuahamsa/Library/Mobile Documents/com~apple~CloudDocs/LFGO/Media/Images/Traits/S3 ALL TRAITS/Female Eyes/Mindless.png
No Sleep.png,png,Female Eyes/No Sleep.png,/Users/joshuahamsa/Library/Mobile Documents/com~apple~CloudDocs/LFGO/Media/Images/Traits/S3 ALL TRAITS/Female Eyes/No Sleep.png
Pennywise.png,png,Female Eyes/Pennywise.png,/Users/joshuahamsa/Library/Mobile Documents/com~apple~CloudDocs/LFGO/Media/Images/Traits/S3 ALL TRAITS/Female Eyes/Pennywise.png
Pleading.png,png,Female Eyes/Pleading.png,/Users/joshuahamsa/Library/Mobile Documents/com~apple~CloudDocs/LFGO/Media/Images/Traits/S3 ALL TRAITS/Female Eyes/Pleading.png
Poppet.png,png,Female Eyes/Poppet.png,/Users/joshuahamsa/Library/Mobile Documents/com~apple~CloudDocs/LFGO/Media/Images/Traits/S3 ALL TRAITS/Female Eyes/Poppet.png
Scary.png,png,Female Eyes/Scary.png,/Users/joshuahamsa/Library/Mobile Documents/com~apple~CloudDocs/LFGO/Media/Images/Traits/S3 ALL TRAITS/Female Eyes/Scary.png
Sleepless Lashes.png,png,Female Eyes/Sleepless Lashes.png,/Users/joshuahamsa/Library/Mobile Documents/com~apple~CloudDocs/LFGO/Media/Images/Traits/S3 ALL TRAITS/Female Eyes/Sleepless Lashes.png
Spooky Lashes.png,png,Female Eyes/Spooky Lashes.png,/Users/joshuahamsa/Library/Mobile Documents/com~apple~CloudDocs/LFGO/Media/Images/Traits/S3 ALL TRAITS/Female Eyes/Spooky Lashes.png
Standard Lashes.png,png,Female Eyes/Standard Lashes.png,/Users/joshuahamsa/Library/Mobile Documents/com~apple~CloudDocs/LFGO/Media/Images/Traits/S3 ALL TRAITS/Female Eyes/Standard Lashes.png
Sugar.png,png,Female Eyes/Sugar.png,/Users/joshuahamsa/Library/Mobile Documents/com~apple~CloudDocs/LFGO/Media/Images/Traits/S3 ALL TRAITS/Female Eyes/Sugar.png
Trance.png,png,Female Eyes/Trance.png,/Users/joshuahamsa/Library/Mobile Documents/com~apple~CloudDocs/LFGO/Media/Images/Traits/S3 ALL TRAITS/Female Eyes/Trance.png
Unfinished Business.png,png,Female Eyes/Unfinished Business.png,/Users/joshuahamsa/Library/Mobile Documents/com~apple~CloudDocs/LFGO/Media/Images/Traits/S3 ALL TRAITS/Female Eyes/Unfinished Business.png
Voidbringer Lashes.png,png,Female Eyes/Voidbringer Lashes.png,/Users/joshuahamsa/Library/Mobile Documents/com~apple~CloudDocs/LFGO/Media/Images/Traits/S3 ALL TRAITS/Female Eyes/Voidbringer Lashes.png
Wavy.png,png,Female Eyes/Wavy.png,/Users/joshuahamsa/Library/Mobile Documents/com~apple~CloudDocs/LFGO/Media/Images/Traits/S3 ALL TRAITS/Female Eyes/Wavy.png
Wicked Lashes.png,png,Female Eyes/Wicked Lashes.png,/Users/joshuahamsa/Library/Mobile Documents/com~apple~CloudDocs/LFGO/Media/Images/Traits/S3 ALL TRAITS/Female Eyes/Wicked Lashes.png
Blue Monster Mask.png,png,Female Head/Blue Monster Mask.png,/Users/joshuahamsa/Library/Mobile Documents/com~apple~CloudDocs/LFGO/Media/Images/Traits/S3 ALL TRAITS/Female Head/Blue Monster Mask.png
Bride of Frankenstein.png,png,Female Head/Bride of Frankenstein.png,/Users/joshuahamsa/Library/Mobile Documents/com~apple~CloudDocs/LFGO/Media/Images/Traits/S3 ALL TRAITS/Female Head/Bride of Frankenstein.png
Chicken Head Iridescent.png,png,Female Head/Chicken Head Iridescent.png,/Users/joshuahamsa/Library/Mobile Documents/com~apple~CloudDocs/LFGO/Media/Images/Traits/S3 ALL TRAITS/Female Head/Chicken Head Iridescent.png
Chicken Head.png,png,Female Head/Chicken Head.png,/Users/joshuahamsa/Library/Mobile Documents/com~apple~CloudDocs/LFGO/Media/Images/Traits/S3 ALL TRAITS/Female Head/Chicken Head.png
Doll.png,png,Female Head/Doll.png,/Users/joshuahamsa/Library/Mobile Documents/com~apple~CloudDocs/LFGO/Media/Images/Traits/S3 ALL TRAITS/Female Head/Doll.png
Fairy Bun Blonde.png,png,Female Head/Fairy Bun Blonde.png,/Users/joshuahamsa/Library/Mobile Documents/com~apple~CloudDocs/LFGO/Media/Images/Traits/S3 ALL TRAITS/Female Head/Fairy Bun Blonde.png
Flight Cap.png,png,Female Head/Flight Cap.png,/Users/joshuahamsa/Library/Mobile Documents/com~apple~CloudDocs/LFGO/Media/Images/Traits/S3 ALL TRAITS/Female Head/Flight Cap.png
Ghoste.png,png,Female Head/Ghoste.png,/Users/joshuahamsa/Library/Mobile Documents/com~apple~CloudDocs/LFGO/Media/Images/Traits/S3 ALL TRAITS/Female Head/Ghoste.png
Green Monster Mask.png,png,Female Head/Green Monster Mask.png,/Users/joshuahamsa/Library/Mobile Documents/com~apple~CloudDocs/LFGO/Media/Images/Traits/S3 ALL TRAITS/Female Head/Green Monster Mask.png
High Pony.png,png,Female Head/High Pony.png,/Users/joshuahamsa/Library/Mobile Documents/com~apple~CloudDocs/LFGO/Media/Images/Traits/S3 ALL TRAITS/Female Head/High Pony.png
Layered Black.png,png,Female Head/Layered Black.png,/Users/joshuahamsa/Library/Mobile Documents/com~apple~CloudDocs/LFGO/Media/Images/Traits/S3 ALL TRAITS/Female Head/Layered Black.png
Layered Brown.png,png,Female Head/Layered Brown.png,/Users/joshuahamsa/Library/Mobile Documents/com~apple~CloudDocs/LFGO/Media/Images/Traits/S3 ALL TRAITS/Female Head/Layered Brown.png
Long Black.png,png,Female Head/Long Black.png,/Users/joshuahamsa/Library/Mobile Documents/com~apple~CloudDocs/LFGO/Media/Images/Traits/S3 ALL TRAITS/Female Head/Long Black.png
Long Straight Brown.png,png,Female Head/Long Straight Brown.png,/Users/joshuahamsa/Library/Mobile Documents/com~apple~CloudDocs/LFGO/Media/Images/Traits/S3 ALL TRAITS/Female Head/Long Straight Brown.png
Long Wavy Black.png,png,Female Head/Long Wavy Black.png,/Users/joshuahamsa/Library/Mobile Documents/com~apple~CloudDocs/LFGO/Media/Images/Traits/S3 ALL TRAITS/Female Head/Long Wavy Black.png
Long Wavy Brown.png,png,Female Head/Long Wavy Brown.png,/Users/joshuahamsa/Library/Mobile Documents/com~apple~CloudDocs/LFGO/Media/Images/Traits/S3 ALL TRAITS/Female Head/Long Wavy Brown.png
Medium Black.png,png,Female Head/Medium Black.png,/Users/joshuahamsa/Library/Mobile Documents/com~apple~CloudDocs/LFGO/Media/Images/Traits/S3 ALL TRAITS/Female Head/Medium Black.png
Nun Camo.png,png,Female Head/Nun Camo.png,/Users/joshuahamsa/Library/Mobile Documents/com~apple~CloudDocs/LFGO/Media/Images/Traits/S3 ALL TRAITS/Female Head/Nun Camo.png
Pigtails Green.png,png,Female Head/Pigtails Green.png,/Users/joshuahamsa/Library/Mobile Documents/com~apple~CloudDocs/LFGO/Media/Images/Traits/S3 ALL TRAITS/Female Head/Pigtails Green.png
Pigtails Yellow.png,png,Female Head/Pigtails Yellow.png,/Users/joshuahamsa/Library/Mobile Documents/com~apple~CloudDocs/LFGO/Media/Images/Traits/S3 ALL TRAITS/Female Head/Pigtails Yellow.png
Pink Monster Mask.png,png,Female Head/Pink Monster Mask.png,/Users/joshuahamsa/Library/Mobile Documents/com~apple~CloudDocs/LFGO/Media/Images/Traits/S3 ALL TRAITS/Female Head/Pink Monster Mask.png
Princess.png,png,Female Head/Princess.png,/Users/joshuahamsa/Library/Mobile Documents/com~apple~CloudDocs/LFGO/Media/Images/Traits/S3 ALL TRAITS/Female Head/Princess.png
Samara.png,png,Female Head/Samara.png,/Users/joshuahamsa/Library/Mobile Documents/com~apple~CloudDocs/LFGO/Media/Images/Traits/S3 ALL TRAITS/Female Head/Samara.png
Wednesday Braids.png,png,Female Head/Wednesday Braids.png,/Users/joshuahamsa/Library/Mobile Documents/com~apple~CloudDocs/LFGO/Media/Images/Traits/S3 ALL TRAITS/Female Head/Wednesday Braids.png
Witch.png,png,Female Head/Witch.png,/Users/joshuahamsa/Library/Mobile Documents/com~apple~CloudDocs/LFGO/Media/Images/Traits/S3 ALL TRAITS/Female Head/Witch.png
Blood Sucker.png,png,Female Mouth/Blood Sucker.png,/Users/joshuahamsa/Library/Mobile Documents/com~apple~CloudDocs/LFGO/Media/Images/Traits/S3 ALL TRAITS/Female Mouth/Blood Sucker.png
Blue.png,png,Female Mouth/Blue.png,/Users/joshuahamsa/Library/Mobile Documents/com~apple~CloudDocs/LFGO/Media/Images/Traits/S3 ALL TRAITS/Female Mouth/Blue.png
Botox.png,png,Female Mouth/Botox.png,/Users/joshuahamsa/Library/Mobile Documents/com~apple~CloudDocs/LFGO/Media/Images/Traits/S3 ALL TRAITS/Female Mouth/Botox.png
Cackle.png,png,Female Mouth/Cackle.png,/Users/joshuahamsa/Library/Mobile Documents/com~apple~CloudDocs/LFGO/Media/Images/Traits/S3 ALL TRAITS/Female Mouth/Cackle.png
Casper.png,png,Female Mouth/Casper.png,/Users/joshuahamsa/Library/Mobile Documents/com~apple~CloudDocs/LFGO/Media/Images/Traits/S3 ALL TRAITS/Female Mouth/Casper.png
Confident.png,png,Female Mouth/Confident.png,/Users/joshuahamsa/Library/Mobile Documents/com~apple~CloudDocs/LFGO/Media/Images/Traits/S3 ALL TRAITS/Female Mouth/Confident.png
Crush Mouth.png,png,Female Mouth/Crush Mouth.png,/Users/joshuahamsa/Library/Mobile Documents/com~apple~CloudDocs/LFGO/Media/Images/Traits/S3 ALL TRAITS/Female Mouth/Crush Mouth.png
Dark Lipstick.png,png,Female Mouth/Dark Lipstick.png,/Users/joshuahamsa/Library/Mobile Documents/com~apple~CloudDocs/LFGO/Media/Images/Traits/S3 ALL TRAITS/Female Mouth/Dark Lipstick.png
Day of the Dead.png,png,Female Mouth/Day of the Dead.png,/Users/joshuahamsa/Library/Mobile Documents/com~apple~CloudDocs/LFGO/Media/Images/Traits/S3 ALL TRAITS/Female Mouth/Day of the Dead.png
Despondent.png,png,Female Mouth/Despondent.png,/Users/joshuahamsa/Library/Mobile Documents/com~apple~CloudDocs/LFGO/Media/Images/Traits/S3 ALL TRAITS/Female Mouth/Despondent.png
Evil Clown.png,png,Female Mouth/Evil Clown.png,/Users/joshuahamsa/Library/Mobile Documents/com~apple~CloudDocs/LFGO/Media/Images/Traits/S3 ALL TRAITS/Female Mouth/Evil Clown.png
Expressive.png,png,Female Mouth/Expressive.png,/Users/joshuahamsa/Library/Mobile Documents/com~apple~CloudDocs/LFGO/Media/Images/Traits/S3 ALL TRAITS/Female Mouth/Expressive.png
Fang.png,png,Female Mouth/Fang.png,/Users/joshuahamsa/Library/Mobile Documents/com~apple~CloudDocs/LFGO/Media/Images/Traits/S3 ALL TRAITS/Female Mouth/Fang.png
Freckled Freak.png,png,Female Mouth/Freckled Freak.png,/Users/joshuahamsa/Library/Mobile Documents/com~apple~CloudDocs/LFGO/Media/Images/Traits/S3 ALL TRAITS/Female Mouth/Freckled Freak.png
I Vant to Suck Your Blahd.png,png,Female Mouth/I Vant to Suck Your Blahd.png,/Users/joshuahamsa/Library/Mobile Documents/com~apple~CloudDocs/LFGO/Media/Images/Traits/S3 ALL TRAITS/Female Mouth/I Vant to Suck Your Blahd.png
Inspiring.png,png,Female Mouth/Inspiring.png,/Users/joshuahamsa/Library/Mobile Documents/com~apple~CloudDocs/LFGO/Media/Images/Traits/S3 ALL TRAITS/Female Mouth/Inspiring.png
Jovial.png,png,Female Mouth/Jovial.png,/Users/joshuahamsa/Library/Mobile Documents/com~apple~CloudDocs/LFGO/Media/Images/Traits/S3 ALL TRAITS/Female Mouth/Jovial.png
Missing Tooth.png,png,Female Mouth/Missing Tooth.png,/Users/joshuahamsa/Library/Mobile Documents/com~apple~CloudDocs/LFGO/Media/Images/Traits/S3 ALL TRAITS/Female Mouth/Missing Tooth.png
Rainbow Puke.png,png,Female Mouth/Rainbow Puke.png,/Users/joshuahamsa/Library/Mobile Documents/com~apple~CloudDocs/LFGO/Media/Images/Traits/S3 ALL TRAITS/Female Mouth/Rainbow Puke.png
Threaded.png,png,Female Mouth/Threaded.png,/Users/joshuahamsa/Library/Mobile Documents/com~apple~CloudDocs/LFGO/Media/Images/Traits/S3 ALL TRAITS/Female Mouth/Threaded.png
Uhhhhh.png,png,Female Mouth/Uhhhhh.png,/Users/joshuahamsa/Library/Mobile Documents/com~apple~CloudDocs/LFGO/Media/Images/Traits/S3 ALL TRAITS/Female Mouth/Uhhhhh.png
Wanna Play A Game.png,png,Female Mouth/Wanna Play A Game.png,/Users/joshuahamsa/Library/Mobile Documents/com~apple~CloudDocs/LFGO/Media/Images/Traits/S3 ALL TRAITS/Female Mouth/Wanna Play A Game.png
Balloon.png,png,Male Accessory/Balloon.png,/Users/joshuahamsa/Library/Mobile Documents/com~apple~CloudDocs/LFGO/Media/Images/Traits/S3 ALL TRAITS/Male Accessory/Balloon.png
Banana.png,png,Male Accessory/Banana.png,/Users/joshuahamsa/Library/Mobile Documents/com~apple~CloudDocs/LFGO/Media/Images/Traits/S3 ALL TRAITS/Male Accessory/Banana.png
Basketball#1.png,png,Male Accessory/Basketball#1.png,/Users/joshuahamsa/Library/Mobile Documents/com~apple~CloudDocs/LFGO/Media/Images/Traits/S3 ALL TRAITS/Male Accessory/Basketball#1.png
Bone.png,png,Male Accessory/Bone.png,/Users/joshuahamsa/Library/Mobile Documents/com~apple~CloudDocs/LFGO/Media/Images/Traits/S3 ALL TRAITS/Male Accessory/Bone.png
Devil Pitchfork.png,png,Male Accessory/Devil Pitchfork.png,/Users/joshuahamsa/Library/Mobile Documents/com~apple~CloudDocs/LFGO/Media/Images/Traits/S3 ALL TRAITS/Male Accessory/Devil Pitchfork.png
Fire Axe.png,png,Male Accessory/Fire Axe.png,/Users/joshuahamsa/Library/Mobile Documents/com~apple~CloudDocs/LFGO/Media/Images/Traits/S3 ALL TRAITS/Male Accessory/Fire Axe.png
Freddy Claws.png,png,Male Accessory/Freddy Claws.png,/Users/joshuahamsa/Library/Mobile Documents/com~apple~CloudDocs/LFGO/Media/Images/Traits/S3 ALL TRAITS/Male Accessory/Freddy Claws.png
Fried Chicken.png,png,Male Accessory/Fried Chicken.png,/Users/joshuahamsa/Library/Mobile Documents/com~apple~CloudDocs/LFGO/Media/Images/Traits/S3 ALL TRAITS/Male Accessory/Fried Chicken.png
Gavel.png,png,Male Accessory/Gavel.png,/Users/joshuahamsa/Library/Mobile Documents/com~apple~CloudDocs/LFGO/Media/Images/Traits/S3 ALL TRAITS/Male Accessory/Gavel.png
Handlebars.png,png,Male Accessory/Handlebars.png,/Users/joshuahamsa/Library/Mobile Documents/com~apple~CloudDocs/LFGO/Media/Images/Traits/S3 ALL TRAITS/Male Accessory/Handlebars.png
Hockey Stick.png,png,Male Accessory/Hockey Stick.png,/Users/joshuahamsa/Library/Mobile Documents/com~apple~CloudDocs/LFGO/Media/Images/Traits/S3 ALL TRAITS/Male Accessory/Hockey Stick.png
Just A Vase.png,png,Male Accessory/Just A Vase.png,/Users/joshuahamsa/Library/Mobile Documents/com~apple~CloudDocs/LFGO/Media/Images/Traits/S3 ALL TRAITS/Male Accessory/Just A Vase.png
Knife.png,png,Male Accessory/Knife.png,/Users/joshuahamsa/Library/Mobile Documents/com~apple~CloudDocs/LFGO/Media/Images/Traits/S3 ALL TRAITS/Male Accessory/Knife.png
Nail Bat.png,png,Male Accessory/Nail Bat.png,/Users/joshuahamsa/Library/Mobile Documents/com~apple~CloudDocs/LFGO/Media/Images/Traits/S3 ALL TRAITS/Male Accessory/Nail Bat.png
None.png,png,Male Accessory/None.png,/Users/joshuahamsa/Library/Mobile Documents/com~apple~CloudDocs/LFGO/Media/Images/Traits/S3 ALL TRAITS/Male Accessory/None.png
Paddle.png,png,Male Accessory/Paddle.png,/Users/joshuahamsa/Library/Mobile Documents/com~apple~CloudDocs/LFGO/Media/Images/Traits/S3 ALL TRAITS/Male Accessory/Paddle.png
Pitchfork.png,png,Male Accessory/Pitchfork.png,/Users/joshuahamsa/Library/Mobile Documents/com~apple~CloudDocs/LFGO/Media/Images/Traits/S3 ALL TRAITS/Male Accessory/Pitchfork.png
Rattie Brown.png,png,Male Accessory/Rattie Brown.png,/Users/joshuahamsa/Library/Mobile Documents/com~apple~CloudDocs/LFGO/Media/Images/Traits/S3 ALL TRAITS/Male Accessory/Rattie Brown.png
Rattie Grey.png,png,Male Accessory/Rattie Grey.png,/Users/joshuahamsa/Library/Mobile Documents/com~apple~CloudDocs/LFGO/Media/Images/Traits/S3 ALL TRAITS/Male Accessory/Rattie Grey.png
Scythe.png,png,Male Accessory/Scythe.png,/Users/joshuahamsa/Library/Mobile Documents/com~apple~CloudDocs/LFGO/Media/Images/Traits/S3 ALL TRAITS/Male Accessory/Scythe.png
Sword.png,png,Male Accessory/Sword.png,/Users/joshuahamsa/Library/Mobile Documents/com~apple~CloudDocs/LFGO/Media/Images/Traits/S3 ALL TRAITS/Male Accessory/Sword.png
Test Tube.png,png,Male Accessory/Test Tube.png,/Users/joshuahamsa/Library/Mobile Documents/com~apple~CloudDocs/LFGO/Media/Images/Traits/S3 ALL TRAITS/Male Accessory/Test Tube.png
Infernal Wings.png,png,Male Back/Infernal Wings.png,/Users/joshuahamsa/Library/Mobile Documents/com~apple~CloudDocs/LFGO/Media/Images/Traits/S3 ALL TRAITS/Male Back/Infernal Wings.png
None.png,png,Male Back/None.png,/Users/joshuahamsa/Library/Mobile Documents/com~apple~CloudDocs/LFGO/Media/Images/Traits/S3 ALL TRAITS/Male Back/None.png
Straight Burned.png,png,Male Body/Straight Burned.png,/Users/joshuahamsa/Library/Mobile Documents/com~apple~CloudDocs/LFGO/Media/Images/Traits/S3 ALL TRAITS/Male Body/Straight Burned.png
Straight Dark.png,png,Male Body/Straight Dark.png,/Users/joshuahamsa/Library/Mobile Documents/com~apple~CloudDocs/LFGO/Media/Images/Traits/S3 ALL TRAITS/Male Body/Straight Dark.png
Straight Green.png,png,Male Body/Straight Green.png,/Users/joshuahamsa/Library/Mobile Documents/com~apple~CloudDocs/LFGO/Media/Images/Traits/S3 ALL TRAITS/Male Body/Straight Green.png
Straight Grey.png,png,Male Body/Straight Grey.png,/Users/joshuahamsa/Library/Mobile Documents/com~apple~CloudDocs/LFGO/Media/Images/Traits/S3 ALL TRAITS/Male Body/Straight Grey.png
Straight Light.png,png,Male Body/Straight Light.png,/Users/joshuahamsa/Library/Mobile Documents/com~apple~CloudDocs/LFGO/Media/Images/Traits/S3 ALL TRAITS/Male Body/Straight Light.png
Straight Medium.png,png,Male Body/Straight Medium.png,/Users/joshuahamsa/Library/Mobile Documents/com~apple~CloudDocs/LFGO/Media/Images/Traits/S3 ALL TRAITS/Male Body/Straight Medium.png
Straight White.png,png,Male Body/Straight White.png,/Users/joshuahamsa/Library/Mobile Documents/com~apple~CloudDocs/LFGO/Media/Images/Traits/S3 ALL TRAITS/Male Body/Straight White.png
Billy Tux.png,png,Male Clothing/Billy Tux.png,/Users/joshuahamsa/Library/Mobile Documents/com~apple~CloudDocs/LFGO/Media/Images/Traits/S3 ALL TRAITS/Male Clothing/Billy Tux.png
Bloody Smock.png,png,Male Clothing/Bloody Smock.png,/Users/joshuahamsa/Library/Mobile Documents/com~apple~CloudDocs/LFGO/Media/Images/Traits/S3 ALL TRAITS/Male Clothing/Bloody Smock.png
Chicken Suit Iridescent.png,png,Male Clothing/Chicken Suit Iridescent.png,/Users/joshuahamsa/Library/Mobile Documents/com~apple~CloudDocs/LFGO/Media/Images/Traits/S3 ALL TRAITS/Male Clothing/Chicken Suit Iridescent.png
Chicken Suit.png,png,Male Clothing/Chicken Suit.png,/Users/joshuahamsa/Library/Mobile Documents/com~apple~CloudDocs/LFGO/Media/Images/Traits/S3 ALL TRAITS/Male Clothing/Chicken Suit.png
Chucky Overalls.png,png,Male Clothing/Chucky Overalls.png,/Users/joshuahamsa/Library/Mobile Documents/com~apple~CloudDocs/LFGO/Media/Images/Traits/S3 ALL TRAITS/Male Clothing/Chucky Overalls.png
Cincy.png,png,Male Clothing/Cincy.png,/Users/joshuahamsa/Library/Mobile Documents/com~apple~CloudDocs/LFGO/Media/Images/Traits/S3 ALL TRAITS/Male Clothing/Cincy.png
City of Angels Jersey.png,png,Male Clothing/City of Angels Jersey.png,/Users/joshuahamsa/Library/Mobile Documents/com~apple~CloudDocs/LFGO/Media/Images/Traits/S3 ALL TRAITS/Male Clothing/City of Angels Jersey.png
City of Angels.png,png,Male Clothing/City of Angels.png,/Users/joshuahamsa/Library/Mobile Documents/com~apple~CloudDocs/LFGO/Media/Images/Traits/S3 ALL TRAITS/Male Clothing/City of Angels.png
Clown Outfit.png,png,Male Clothing/Clown Outfit.png,/Users/joshuahamsa/Library/Mobile Documents/com~apple~CloudDocs/LFGO/Media/Images/Traits/S3 ALL TRAITS/Male Clothing/Clown Outfit.png
Explorer.png,png,Male Clothing/Explorer.png,/Users/joshuahamsa/Library/Mobile Documents/com~apple~CloudDocs/LFGO/Media/Images/Traits/S3 ALL TRAITS/Male Clothing/Explorer.png
Farmer.png,png,Male Clothing/Farmer.png,/Users/joshuahamsa/Library/Mobile Documents/com~apple~CloudDocs/LFGO/Media/Images/Traits/S3 ALL TRAITS/Male Clothing/Farmer.png
Firefighter.png,png,Male Clothing/Firefighter.png,/Users/joshuahamsa/Library/Mobile Documents/com~apple~CloudDocs/LFGO/Media/Images/Traits/S3 ALL TRAITS/Male Clothing/Firefighter.png
If I Only Had A Brain.png,png,Male Clothing/If I Only Had A Brain.png,/Users/joshuahamsa/Library/Mobile Documents/com~apple~CloudDocs/LFGO/Media/Images/Traits/S3 ALL TRAITS/Male Clothing/If I Only Had A Brain.png
Jason Threads.png,png,Male Clothing/Jason Threads.png,/Users/joshuahamsa/Library/Mobile Documents/com~apple~CloudDocs/LFGO/Media/Images/Traits/S3 ALL TRAITS/Male Clothing/Jason Threads.png
Judge Camo.png,png,Male Clothing/Judge Camo.png,/Users/joshuahamsa/Library/Mobile Documents/com~apple~CloudDocs/LFGO/Media/Images/Traits/S3 ALL TRAITS/Male Clothing/Judge Camo.png
Kong Suit.png,png,Male Clothing/Kong Suit.png,/Users/joshuahamsa/Library/Mobile Documents/com~apple~CloudDocs/LFGO/Media/Images/Traits/S3 ALL TRAITS/Male Clothing/Kong Suit.png
Kreuger Sweater.png,png,Male Clothing/Kreuger Sweater.png,/Users/joshuahamsa/Library/Mobile Documents/com~apple~CloudDocs/LFGO/Media/Images/Traits/S3 ALL TRAITS/Male Clothing/Kreuger Sweater.png
Lion Suit.png,png,Male Clothing/Lion Suit.png,/Users/joshuahamsa/Library/Mobile Documents/com~apple~CloudDocs/LFGO/Media/Images/Traits/S3 ALL TRAITS/Male Clothing/Lion Suit.png
McWin.png,png,Male Clothing/McWin.png,/Users/joshuahamsa/Library/Mobile Documents/com~apple~CloudDocs/LFGO/Media/Images/Traits/S3 ALL TRAITS/Male Clothing/McWin.png
Monster Garb.png,png,Male Clothing/Monster Garb.png,/Users/joshuahamsa/Library/Mobile Documents/com~apple~CloudDocs/LFGO/Media/Images/Traits/S3 ALL TRAITS/Male Clothing/Monster Garb.png
Moon Suit.png,png,Male Clothing/Moon Suit.png,/Users/joshuahamsa/Library/Mobile Documents/com~apple~CloudDocs/LFGO/Media/Images/Traits/S3 ALL TRAITS/Male Clothing/Moon Suit.png
Mummy Suit.png,png,Male Clothing/Mummy Suit.png,/Users/joshuahamsa/Library/Mobile Documents/com~apple~CloudDocs/LFGO/Media/Images/Traits/S3 ALL TRAITS/Male Clothing/Mummy Suit.png
Open Heart.png,png,Male Clothing/Open Heart.png,/Users/joshuahamsa/Library/Mobile Documents/com~apple~CloudDocs/LFGO/Media/Images/Traits/S3 ALL TRAITS/Male Clothing/Open Heart.png
Pimp Coat.png,png,Male Clothing/Pimp Coat.png,/Users/joshuahamsa/Library/Mobile Documents/com~apple~CloudDocs/LFGO/Media/Images/Traits/S3 ALL TRAITS/Male Clothing/Pimp Coat.png
Prison Jumpsuit.png,png,Male Clothing/Prison Jumpsuit.png,/Users/joshuahamsa/Library/Mobile Documents/com~apple~CloudDocs/LFGO/Media/Images/Traits/S3 ALL TRAITS/Male Clothing/Prison Jumpsuit.png
Reaper Robe.png,png,Male Clothing/Reaper Robe.png,/Users/joshuahamsa/Library/Mobile Documents/com~apple~CloudDocs/LFGO/Media/Images/Traits/S3 ALL TRAITS/Male Clothing/Reaper Robe.png
Red Zip.png,png,Male Clothing/Red Zip.png,/Users/joshuahamsa/Library/Mobile Documents/com~apple~CloudDocs/LFGO/Media/Images/Traits/S3 ALL TRAITS/Male Clothing/Red Zip.png
Sailor.png,png,Male Clothing/Sailor.png,/Users/joshuahamsa/Library/Mobile Documents/com~apple~CloudDocs/LFGO/Media/Images/Traits/S3 ALL TRAITS/Male Clothing/Sailor.png
Skelly Suit.png,png,Male Clothing/Skelly Suit.png,/Users/joshuahamsa/Library/Mobile Documents/com~apple~CloudDocs/LFGO/Media/Images/Traits/S3 ALL TRAITS/Male Clothing/Skelly Suit.png
Slam Dancer.png,png,Male Clothing/Slam Dancer.png,/Users/joshuahamsa/Library/Mobile Documents/com~apple~CloudDocs/LFGO/Media/Images/Traits/S3 ALL TRAITS/Male Clothing/Slam Dancer.png
Stitched Up.png,png,Male Clothing/Stitched Up.png,/Users/joshuahamsa/Library/Mobile Documents/com~apple~CloudDocs/LFGO/Media/Images/Traits/S3 ALL TRAITS/Male Clothing/Stitched Up.png
Swashbuckler.png,png,Male Clothing/Swashbuckler.png,/Users/joshuahamsa/Library/Mobile Documents/com~apple~CloudDocs/LFGO/Media/Images/Traits/S3 ALL TRAITS/Male Clothing/Swashbuckler.png
Teenage Werewolf.png,png,Male Clothing/Teenage Werewolf.png,/Users/joshuahamsa/Library/Mobile Documents/com~apple~CloudDocs/LFGO/Media/Images/Traits/S3 ALL TRAITS/Male Clothing/Teenage Werewolf.png
The Count.png,png,Male Clothing/The Count.png,/Users/joshuahamsa/Library/Mobile Documents/com~apple~CloudDocs/LFGO/Media/Images/Traits/S3 ALL TRAITS/Male Clothing/The Count.png
Wizard Robe.png,png,Male Clothing/Wizard Robe.png,/Users/joshuahamsa/Library/Mobile Documents/com~apple~CloudDocs/LFGO/Media/Images/Traits/S3 ALL TRAITS/Male Clothing/Wizard Robe.png
Wolfy.png,png,Male Clothing/Wolfy.png,/Users/joshuahamsa/Library/Mobile Documents/com~apple~CloudDocs/LFGO/Media/Images/Traits/S3 ALL TRAITS/Male Clothing/Wolfy.png
Zombie Suit.png,png,Male Clothing/Zombie Suit.png,/Users/joshuahamsa/Library/Mobile Documents/com~apple~CloudDocs/LFGO/Media/Images/Traits/S3 ALL TRAITS/Male Clothing/Zombie Suit.png
Angry.png,png,Male Eyebrows/Angry.png,/Users/joshuahamsa/Library/Mobile Documents/com~apple~CloudDocs/LFGO/Media/Images/Traits/S3 ALL TRAITS/Male Eyebrows/Angry.png
Billy.png,png,Male Eyebrows/Billy.png,/Users/joshuahamsa/Library/Mobile Documents/com~apple~CloudDocs/LFGO/Media/Images/Traits/S3 ALL TRAITS/Male Eyebrows/Billy.png
Concerned.png,png,Male Eyebrows/Concerned.png,/Users/joshuahamsa/Library/Mobile Documents/com~apple~CloudDocs/LFGO/Media/Images/Traits/S3 ALL TRAITS/Male Eyebrows/Concerned.png
Curious.png,png,Male Eyebrows/Curious.png,/Users/joshuahamsa/Library/Mobile Documents/com~apple~CloudDocs/LFGO/Media/Images/Traits/S3 ALL TRAITS/Male Eyebrows/Curious.png
Demented.png,png,Male Eyebrows/Demented.png,/Users/joshuahamsa/Library/Mobile Documents/com~apple~CloudDocs/LFGO/Media/Images/Traits/S3 ALL TRAITS/Male Eyebrows/Demented.png
Emo.png,png,Male Eyebrows/Emo.png,/Users/joshuahamsa/Library/Mobile Documents/com~apple~CloudDocs/LFGO/Media/Images/Traits/S3 ALL TRAITS/Male Eyebrows/Emo.png
Evil Clown.png,png,Male Eyebrows/Evil Clown.png,/Users/joshuahamsa/Library/Mobile Documents/com~apple~CloudDocs/LFGO/Media/Images/Traits/S3 ALL TRAITS/Male Eyebrows/Evil Clown.png
Flat.png,png,Male Eyebrows/Flat.png,/Users/joshuahamsa/Library/Mobile Documents/com~apple~CloudDocs/LFGO/Media/Images/Traits/S3 ALL TRAITS/Male Eyebrows/Flat.png
Furious.png,png,Male Eyebrows/Furious.png,/Users/joshuahamsa/Library/Mobile Documents/com~apple~CloudDocs/LFGO/Media/Images/Traits/S3 ALL TRAITS/Male Eyebrows/Furious.png
Ghost.png,png,Male Eyebrows/Ghost.png,/Users/joshuahamsa/Library/Mobile Documents/com~apple~CloudDocs/LFGO/Media/Images/Traits/S3 ALL TRAITS/Male Eyebrows/Ghost.png
Hmm.png,png,Male Eyebrows/Hmm.png,/Users/joshuahamsa/Library/Mobile Documents/com~apple~CloudDocs/LFGO/Media/Images/Traits/S3 ALL TRAITS/Male Eyebrows/Hmm.png
Incensed.png,png,Male Eyebrows/Incensed.png,/Users/joshuahamsa/Library/Mobile Documents/com~apple~CloudDocs/LFGO/Media/Images/Traits/S3 ALL TRAITS/Male Eyebrows/Incensed.png
Interested.png,png,Male Eyebrows/Interested.png,/Users/joshuahamsa/Library/Mobile Documents/com~apple~CloudDocs/LFGO/Media/Images/Traits/S3 ALL TRAITS/Male Eyebrows/Interested.png
Muddled.png,png,Male Eyebrows/Muddled.png,/Users/joshuahamsa/Library/Mobile Documents/com~apple~CloudDocs/LFGO/Media/Images/Traits/S3 ALL TRAITS/Male Eyebrows/Muddled.png
Nightmare.png,png,Male Eyebrows/Nightmare.png,/Users/joshuahamsa/Library/Mobile Documents/com~apple~CloudDocs/LFGO/Media/Images/Traits/S3 ALL TRAITS/Male Eyebrows/Nightmare.png
None.png,png,Male Eyebrows/None.png,/Users/joshuahamsa/Library/Mobile Documents/com~apple~CloudDocs/LFGO/Media/Images/Traits/S3 ALL TRAITS/Male Eyebrows/None.png
Questioning.png,png,Male Eyebrows/Questioning.png,/Users/joshuahamsa/Library/Mobile Documents/com~apple~CloudDocs/LFGO/Media/Images/Traits/S3 ALL TRAITS/Male Eyebrows/Questioning.png
Raised.png,png,Male Eyebrows/Raised.png,/Users/joshuahamsa/Library/Mobile Documents/com~apple~CloudDocs/LFGO/Media/Images/Traits/S3 ALL TRAITS/Male Eyebrows/Raised.png
Sad.png,png,Male Eyebrows/Sad.png,/Users/joshuahamsa/Library/Mobile Documents/com~apple~CloudDocs/LFGO/Media/Images/Traits/S3 ALL TRAITS/Male Eyebrows/Sad.png
Scarred.png,png,Male Eyebrows/Scarred.png,/Users/joshuahamsa/Library/Mobile Documents/com~apple~CloudDocs/LFGO/Media/Images/Traits/S3 ALL TRAITS/Male Eyebrows/Scarred.png
Shadows.png,png,Male Eyebrows/Shadows.png,/Users/joshuahamsa/Library/Mobile Documents/com~apple~CloudDocs/LFGO/Media/Images/Traits/S3 ALL TRAITS/Male Eyebrows/Shadows.png
Skeptical.png,png,Male Eyebrows/Skeptical.png,/Users/joshuahamsa/Library/Mobile Documents/com~apple~CloudDocs/LFGO/Media/Images/Traits/S3 ALL TRAITS/Male Eyebrows/Skeptical.png
Strong.png,png,Male Eyebrows/Strong.png,/Users/joshuahamsa/Library/Mobile Documents/com~apple~CloudDocs/LFGO/Media/Images/Traits/S3 ALL TRAITS/Male Eyebrows/Strong.png
Surprised.png,png,Male Eyebrows/Surprised.png,/Users/joshuahamsa/Library/Mobile Documents/com~apple~CloudDocs/LFGO/Media/Images/Traits/S3 ALL TRAITS/Male Eyebrows/Surprised.png
Transylvanian.png,png,Male Eyebrows/Transylvanian.png,/Users/joshuahamsa/Library/Mobile Documents/com~apple~CloudDocs/LFGO/Media/Images/Traits/S3 ALL TRAITS/Male Eyebrows/Transylvanian.png
Unhinged.png,png,Male Eyebrows/Unhinged.png,/Users/joshuahamsa/Library/Mobile Documents/com~apple~CloudDocs/LFGO/Media/Images/Traits/S3 ALL TRAITS/Male Eyebrows/Unhinged.png
Upset.png,png,Male Eyebrows/Upset.png,/Users/joshuahamsa/Library/Mobile Documents/com~apple~CloudDocs/LFGO/Media/Images/Traits/S3 ALL TRAITS/Male Eyebrows/Upset.png
Voodoo.png,png,Male Eyebrows/Voodoo.png,/Users/joshuahamsa/Library/Mobile Documents/com~apple~CloudDocs/LFGO/Media/Images/Traits/S3 ALL TRAITS/Male Eyebrows/Voodoo.png
Wicked Brow.png,png,Male Eyebrows/Wicked Brow.png,/Users/joshuahamsa/Library/Mobile Documents/com~apple~CloudDocs/LFGO/Media/Images/Traits/S3 ALL TRAITS/Male Eyebrows/Wicked Brow.png
Chucky.png,png,Male Eyes/Chucky.png,/Users/joshuahamsa/Library/Mobile Documents/com~apple~CloudDocs/LFGO/Media/Images/Traits/S3 ALL TRAITS/Male Eyes/Chucky.png
Creepy.png,png,Male Eyes/Creepy.png,/Users/joshuahamsa/Library/Mobile Documents/com~apple~CloudDocs/LFGO/Media/Images/Traits/S3 ALL TRAITS/Male Eyes/Creepy.png
Ghoul.png,png,Male Eyes/Ghoul.png,/Users/joshuahamsa/Library/Mobile Documents/com~apple~CloudDocs/LFGO/Media/Images/Traits/S3 ALL TRAITS/Male Eyes/Ghoul.png
Howl at the Moon.png,png,Male Eyes/Howl at the Moon.png,/Users/joshuahamsa/Library/Mobile Documents/com~apple~CloudDocs/LFGO/Media/Images/Traits/S3 ALL TRAITS/Male Eyes/Howl at the Moon.png
Hypno.png,png,Male Eyes/Hypno.png,/Users/joshuahamsa/Library/Mobile Documents/com~apple~CloudDocs/LFGO/Media/Images/Traits/S3 ALL TRAITS/Male Eyes/Hypno.png
Its Alive.png,png,Male Eyes/Its Alive.png,/Users/joshuahamsa/Library/Mobile Documents/com~apple~CloudDocs/LFGO/Media/Images/Traits/S3 ALL TRAITS/Male Eyes/Its Alive.png
Jutan Spectacles.png,png,Male Eyes/Jutan Spectacles.png,/Users/joshuahamsa/Library/Mobile Documents/com~apple~CloudDocs/LFGO/Media/Images/Traits/S3 ALL TRAITS/Male Eyes/Jutan Spectacles.png
Laser.png,png,Male Eyes/Laser.png,/Users/joshuahamsa/Library/Mobile Documents/com~apple~CloudDocs/LFGO/Media/Images/Traits/S3 ALL TRAITS/Male Eyes/Laser.png
Mindless.png,png,Male Eyes/Mindless.png,/Users/joshuahamsa/Library/Mobile Documents/com~apple~CloudDocs/LFGO/Media/Images/Traits/S3 ALL TRAITS/Male Eyes/Mindless.png
Nerd.png,png,Male Eyes/Nerd.png,/Users/joshuahamsa/Library/Mobile Documents/com~apple~CloudDocs/LFGO/Media/Images/Traits/S3 ALL TRAITS/Male Eyes/Nerd.png
No Lens Circle.png,png,Male Eyes/No Lens Circle.png,/Users/joshuahamsa/Library/Mobile Documents/com~apple~CloudDocs/LFGO/Media/Images/Traits/S3 ALL TRAITS/Male Eyes/No Lens Circle.png
No Sleep.png,png,Male Eyes/No Sleep.png,/Users/joshuahamsa/Library/Mobile Documents/com~apple~CloudDocs/LFGO/Media/Images/Traits/S3 ALL TRAITS/Male Eyes/No Sleep.png
Pennywise.png,png,Male Eyes/Pennywise.png,/Users/joshuahamsa/Library/Mobile Documents/com~apple~CloudDocs/LFGO/Media/Images/Traits/S3 ALL TRAITS/Male Eyes/Pennywise.png
Pleading.png,png,Male Eyes/Pleading.png,/Users/joshuahamsa/Library/Mobile Documents/com~apple~CloudDocs/LFGO/Media/Images/Traits/S3 ALL TRAITS/Male Eyes/Pleading.png
Pop Eyes.png,png,Male Eyes/Pop Eyes.png,/Users/joshuahamsa/Library/Mobile Documents/com~apple~CloudDocs/LFGO/Media/Images/Traits/S3 ALL TRAITS/Male Eyes/Pop Eyes.png
Poppet.png,png,Male Eyes/Poppet.png,/Users/joshuahamsa/Library/Mobile Documents/com~apple~CloudDocs/LFGO/Media/Images/Traits/S3 ALL TRAITS/Male Eyes/Poppet.png
Scary.png,png,Male Eyes/Scary.png,/Users/joshuahamsa/Library/Mobile Documents/com~apple~CloudDocs/LFGO/Media/Images/Traits/S3 ALL TRAITS/Male Eyes/Scary.png
Socket To Ya.png,png,Male Eyes/Socket To Ya.png,/Users/joshuahamsa/Library/Mobile Documents/com~apple~CloudDocs/LFGO/Media/Images/Traits/S3 ALL TRAITS/Male Eyes/Socket To Ya.png
Sugar.png,png,Male Eyes/Sugar.png,/Users/joshuahamsa/Library/Mobile Documents/com~apple~CloudDocs/LFGO/Media/Images/Traits/S3 ALL TRAITS/Male Eyes/Sugar.png
Trance.png,png,Male Eyes/Trance.png,/Users/joshuahamsa/Library/Mobile Documents/com~apple~CloudDocs/LFGO/Media/Images/Traits/S3 ALL TRAITS/Male Eyes/Trance.png
Unfinished Business.png,png,Male Eyes/Unfinished Business.png,/Users/joshuahamsa/Library/Mobile Documents/com~apple~CloudDocs/LFGO/Media/Images/Traits/S3 ALL TRAITS/Male Eyes/Unfinished Business.png
Wavy.png,png,Male Eyes/Wavy.png,/Users/joshuahamsa/Library/Mobile Documents/com~apple~CloudDocs/LFGO/Media/Images/Traits/S3 ALL TRAITS/Male Eyes/Wavy.png
Bag Head.png,png,Male Head/Bag Head.png,/Users/joshuahamsa/Library/Mobile Documents/com~apple~CloudDocs/LFGO/Media/Images/Traits/S3 ALL TRAITS/Male Head/Bag Head.png
Banana Sleeveless.png,png,Male Head/Banana Sleeveless.png,/Users/joshuahamsa/Library/Mobile Documents/com~apple~CloudDocs/LFGO/Media/Images/Traits/S3 ALL TRAITS/Male Head/Banana Sleeveless.png
Banana Suit.png,png,Male Head/Banana Suit.png,/Users/joshuahamsa/Library/Mobile Documents/com~apple~CloudDocs/LFGO/Media/Images/Traits/S3 ALL TRAITS/Male Head/Banana Suit.png
Billy.png,png,Male Head/Billy.png,/Users/joshuahamsa/Library/Mobile Documents/com~apple~CloudDocs/LFGO/Media/Images/Traits/S3 ALL TRAITS/Male Head/Billy.png
Bleached Dreads.png,png,Male Head/Bleached Dreads.png,/Users/joshuahamsa/Library/Mobile Documents/com~apple~CloudDocs/LFGO/Media/Images/Traits/S3 ALL TRAITS/Male Head/Bleached Dreads.png
Bloody Chef.png,png,Male Head/Bloody Chef.png,/Users/joshuahamsa/Library/Mobile Documents/com~apple~CloudDocs/LFGO/Media/Images/Traits/S3 ALL TRAITS/Male Head/Bloody Chef.png
Brains.png,png,Male Head/Brains.png,/Users/joshuahamsa/Library/Mobile Documents/com~apple~CloudDocs/LFGO/Media/Images/Traits/S3 ALL TRAITS/Male Head/Brains.png
Charizard Onesie.png,png,Male Head/Charizard Onesie.png,/Users/joshuahamsa/Library/Mobile Documents/com~apple~CloudDocs/LFGO/Media/Images/Traits/S3 ALL TRAITS/Male Head/Charizard Onesie.png
Chicken Head Iridescent.png,png,Male Head/Chicken Head Iridescent.png,/Users/joshuahamsa/Library/Mobile Documents/com~apple~CloudDocs/LFGO/Media/Images/Traits/S3 ALL TRAITS/Male Head/Chicken Head Iridescent.png
Chicken Head.png,png,Male Head/Chicken Head.png,/Users/joshuahamsa/Library/Mobile Documents/com~apple~CloudDocs/LFGO/Media/Images/Traits/S3 ALL TRAITS/Male Head/Chicken Head.png
Chucky Hair.png,png,Male Head/Chucky Hair.png,/Users/joshuahamsa/Library/Mobile Documents/com~apple~CloudDocs/LFGO/Media/Images/Traits/S3 ALL TRAITS/Male Head/Chucky Hair.png
Clown Wig.png,png,Male Head/Clown Wig.png,/Users/joshuahamsa/Library/Mobile Documents/com~apple~CloudDocs/LFGO/Media/Images/Traits/S3 ALL TRAITS/Male Head/Clown Wig.png
Debonair.png,png,Male Head/Debonair.png,/Users/joshuahamsa/Library/Mobile Documents/com~apple~CloudDocs/LFGO/Media/Images/Traits/S3 ALL TRAITS/Male Head/Debonair.png
Dixie Cup.png,png,Male Head/Dixie Cup.png,/Users/joshuahamsa/Library/Mobile Documents/com~apple~CloudDocs/LFGO/Media/Images/Traits/S3 ALL TRAITS/Male Head/Dixie Cup.png
Dracula.png,png,Male Head/Dracula.png,/Users/joshuahamsa/Library/Mobile Documents/com~apple~CloudDocs/LFGO/Media/Images/Traits/S3 ALL TRAITS/Male Head/Dracula.png
Elf.png,png,Male Head/Elf.png,/Users/joshuahamsa/Library/Mobile Documents/com~apple~CloudDocs/LFGO/Media/Images/Traits/S3 ALL TRAITS/Male Head/Elf.png
Emo Hair.png,png,Male Head/Emo Hair.png,/Users/joshuahamsa/Library/Mobile Documents/com~apple~CloudDocs/LFGO/Media/Images/Traits/S3 ALL TRAITS/Male Head/Emo Hair.png
Fireman.png,png,Male Head/Fireman.png,/Users/joshuahamsa/Library/Mobile Documents/com~apple~CloudDocs/LFGO/Media/Images/Traits/S3 ALL TRAITS/Male Head/Fireman.png
Frankensteins Monster.png,png,Male Head/Frankensteins Monster.png,/Users/joshuahamsa/Library/Mobile Documents/com~apple~CloudDocs/LFGO/Media/Images/Traits/S3 ALL TRAITS/Male Head/Frankensteins Monster.png
Fredora.png,png,Male Head/Fredora.png,/Users/joshuahamsa/Library/Mobile Documents/com~apple~CloudDocs/LFGO/Media/Images/Traits/S3 ALL TRAITS/Male Head/Fredora.png
Fresh Prince.png,png,Male Head/Fresh Prince.png,/Users/joshuahamsa/Library/Mobile Documents/com~apple~CloudDocs/LFGO/Media/Images/Traits/S3 ALL TRAITS/Male Head/Fresh Prince.png
Fry Hat.png,png,Male Head/Fry Hat.png,/Users/joshuahamsa/Library/Mobile Documents/com~apple~CloudDocs/LFGO/Media/Images/Traits/S3 ALL TRAITS/Male Head/Fry Hat.png
Ghoste.png,png,Male Head/Ghoste.png,/Users/joshuahamsa/Library/Mobile Documents/com~apple~CloudDocs/LFGO/Media/Images/Traits/S3 ALL TRAITS/Male Head/Ghoste.png
Golden Whale.png,png,Male Head/Golden Whale.png,/Users/joshuahamsa/Library/Mobile Documents/com~apple~CloudDocs/LFGO/Media/Images/Traits/S3 ALL TRAITS/Male Head/Golden Whale.png
Hamsa.png,png,Male Head/Hamsa.png,/Users/joshuahamsa/Library/Mobile Documents/com~apple~CloudDocs/LFGO/Media/Images/Traits/S3 ALL TRAITS/Male Head/Hamsa.png
Hannibal.png,png,Male Head/Hannibal.png,/Users/joshuahamsa/Library/Mobile Documents/com~apple~CloudDocs/LFGO/Media/Images/Traits/S3 ALL TRAITS/Male Head/Hannibal.png
Hockey Mask.png,png,Male Head/Hockey Mask.png,/Users/joshuahamsa/Library/Mobile Documents/com~apple~CloudDocs/LFGO/Media/Images/Traits/S3 ALL TRAITS/Male Head/Hockey Mask.png
Hodl Hat.png,png,Male Head/Hodl Hat.png,/Users/joshuahamsa/Library/Mobile Documents/com~apple~CloudDocs/LFGO/Media/Images/Traits/S3 ALL TRAITS/Male Head/Hodl Hat.png
Jack O Lantern.png,png,Male Head/Jack O Lantern.png,/Users/joshuahamsa/Library/Mobile Documents/com~apple~CloudDocs/LFGO/Media/Images/Traits/S3 ALL TRAITS/Male Head/Jack O Lantern.png
Judge Wig.png,png,Male Head/Judge Wig.png,/Users/joshuahamsa/Library/Mobile Documents/com~apple~CloudDocs/LFGO/Media/Images/Traits/S3 ALL TRAITS/Male Head/Judge Wig.png
Kong Mask.png,png,Male Head/Kong Mask.png,/Users/joshuahamsa/Library/Mobile Documents/com~apple~CloudDocs/LFGO/Media/Images/Traits/S3 ALL TRAITS/Male Head/Kong Mask.png
Lion Head.png,png,Male Head/Lion Head.png,/Users/joshuahamsa/Library/Mobile Documents/com~apple~CloudDocs/LFGO/Media/Images/Traits/S3 ALL TRAITS/Male Head/Lion Head.png
Mang.png,png,Male Head/Mang.png,/Users/joshuahamsa/Library/Mobile Documents/com~apple~CloudDocs/LFGO/Media/Images/Traits/S3 ALL TRAITS/Male Head/Mang.png
Medusa.png,png,Male Head/Medusa.png,/Users/joshuahamsa/Library/Mobile Documents/com~apple~CloudDocs/LFGO/Media/Images/Traits/S3 ALL TRAITS/Male Head/Medusa.png
Moon Helmet.png,png,Male Head/Moon Helmet.png,/Users/joshuahamsa/Library/Mobile Documents/com~apple~CloudDocs/LFGO/Media/Images/Traits/S3 ALL TRAITS/Male Head/Moon Helmet.png
Mummy Mask.png,png,Male Head/Mummy Mask.png,/Users/joshuahamsa/Library/Mobile Documents/com~apple~CloudDocs/LFGO/Media/Images/Traits/S3 ALL TRAITS/Male Head/Mummy Mask.png
None.png,png,Male Head/None.png,/Users/joshuahamsa/Library/Mobile Documents/com~apple~CloudDocs/LFGO/Media/Images/Traits/S3 ALL TRAITS/Male Head/None.png
Open Mind.png,png,Male Head/Open Mind.png,/Users/joshuahamsa/Library/Mobile Documents/com~apple~CloudDocs/LFGO/Media/Images/Traits/S3 ALL TRAITS/Male Head/Open Mind.png
Pimp Hat.png,png,Male Head/Pimp Hat.png,/Users/joshuahamsa/Library/Mobile Documents/com~apple~CloudDocs/LFGO/Media/Images/Traits/S3 ALL TRAITS/Male Head/Pimp Hat.png
Reaper Hood.png,png,Male Head/Reaper Hood.png,/Users/joshuahamsa/Library/Mobile Documents/com~apple~CloudDocs/LFGO/Media/Images/Traits/S3 ALL TRAITS/Male Head/Reaper Hood.png
Reaper Mask.png,png,Male Head/Reaper Mask.png,/Users/joshuahamsa/Library/Mobile Documents/com~apple~CloudDocs/LFGO/Media/Images/Traits/S3 ALL TRAITS/Male Head/Reaper Mask.png
Red Bull.png,png,Male Head/Red Bull.png,/Users/joshuahamsa/Library/Mobile Documents/com~apple~CloudDocs/LFGO/Media/Images/Traits/S3 ALL TRAITS/Male Head/Red Bull.png
Renman Snapback.png,png,Male Head/Renman Snapback.png,/Users/joshuahamsa/Library/Mobile Documents/com~apple~CloudDocs/LFGO/Media/Images/Traits/S3 ALL TRAITS/Male Head/Renman Snapback.png
Scarecrow.png,png,Male Head/Scarecrow.png,/Users/joshuahamsa/Library/Mobile Documents/com~apple~CloudDocs/LFGO/Media/Images/Traits/S3 ALL TRAITS/Male Head/Scarecrow.png
Scream Wazzaaaa.png,png,Male Head/Scream Wazzaaaa.png,/Users/joshuahamsa/Library/Mobile Documents/com~apple~CloudDocs/LFGO/Media/Images/Traits/S3 ALL TRAITS/Male Head/Scream Wazzaaaa.png
Scream.png,png,Male Head/Scream.png,/Users/joshuahamsa/Library/Mobile Documents/com~apple~CloudDocs/LFGO/Media/Images/Traits/S3 ALL TRAITS/Male Head/Scream.png
Shiny Shark.png,png,Male Head/Shiny Shark.png,/Users/joshuahamsa/Library/Mobile Documents/com~apple~CloudDocs/LFGO/Media/Images/Traits/S3 ALL TRAITS/Male Head/Shiny Shark.png
Short Swept Black.png,png,Male Head/Short Swept Black.png,/Users/joshuahamsa/Library/Mobile Documents/com~apple~CloudDocs/LFGO/Media/Images/Traits/S3 ALL TRAITS/Male Head/Short Swept Black.png
Short Swept Grey.png,png,Male Head/Short Swept Grey.png,/Users/joshuahamsa/Library/Mobile Documents/com~apple~CloudDocs/LFGO/Media/Images/Traits/S3 ALL TRAITS/Male Head/Short Swept Grey.png
Skeleton Hat.png,png,Male Head/Skeleton Hat.png,/Users/joshuahamsa/Library/Mobile Documents/com~apple~CloudDocs/LFGO/Media/Images/Traits/S3 ALL TRAITS/Male Head/Skeleton Hat.png
Slick.png,png,Male Head/Slick.png,/Users/joshuahamsa/Library/Mobile Documents/com~apple~CloudDocs/LFGO/Media/Images/Traits/S3 ALL TRAITS/Male Head/Slick.png
Straw Hat.png,png,Male Head/Straw Hat.png,/Users/joshuahamsa/Library/Mobile Documents/com~apple~CloudDocs/LFGO/Media/Images/Traits/S3 ALL TRAITS/Male Head/Straw Hat.png
Suave.png,png,Male Head/Suave.png,/Users/joshuahamsa/Library/Mobile Documents/com~apple~CloudDocs/LFGO/Media/Images/Traits/S3 ALL TRAITS/Male Head/Suave.png
Superbowl Bengals.png,png,Male Head/Superbowl Bengals.png,/Users/joshuahamsa/Library/Mobile Documents/com~apple~CloudDocs/LFGO/Media/Images/Traits/S3 ALL TRAITS/Male Head/Superbowl Bengals.png
Superbowl Rams.png,png,Male Head/Superbowl Rams.png,/Users/joshuahamsa/Library/Mobile Documents/com~apple~CloudDocs/LFGO/Media/Images/Traits/S3 ALL TRAITS/Male Head/Superbowl Rams.png
Swept Black.png,png,Male Head/Swept Black.png,/Users/joshuahamsa/Library/Mobile Documents/com~apple~CloudDocs/LFGO/Media/Images/Traits/S3 ALL TRAITS/Male Head/Swept Black.png
Swept Grey.png,png,Male Head/Swept Grey.png,/Users/joshuahamsa/Library/Mobile Documents/com~apple~CloudDocs/LFGO/Media/Images/Traits/S3 ALL TRAITS/Male Head/Swept Grey.png
Tiger Shark.png,png,Male Head/Tiger Shark.png,/Users/joshuahamsa/Library/Mobile Documents/com~apple~CloudDocs/LFGO/Media/Images/Traits/S3 ALL TRAITS/Male Head/Tiger Shark.png
Tricorn.png,png,Male Head/Tricorn.png,/Users/joshuahamsa/Library/Mobile Documents/com~apple~CloudDocs/LFGO/Media/Images/Traits/S3 ALL TRAITS/Male Head/Tricorn.png
Werewolf.png,png,Male Head/Werewolf.png,/Users/joshuahamsa/Library/Mobile Documents/com~apple~CloudDocs/LFGO/Media/Images/Traits/S3 ALL TRAITS/Male Head/Werewolf.png
Wizard Hat.png,png,Male Head/Wizard Hat.png,/Users/joshuahamsa/Library/Mobile Documents/com~apple~CloudDocs/LFGO/Media/Images/Traits/S3 ALL TRAITS/Male Head/Wizard Hat.png
Anchor.png,png,Male Mouth/Anchor.png,/Users/joshuahamsa/Library/Mobile Documents/com~apple~CloudDocs/LFGO/Media/Images/Traits/S3 ALL TRAITS/Male Mouth/Anchor.png
Angry.png,png,Male Mouth/Angry.png,/Users/joshuahamsa/Library/Mobile Documents/com~apple~CloudDocs/LFGO/Media/Images/Traits/S3 ALL TRAITS/Male Mouth/Angry.png
Bite Mask.png,png,Male Mouth/Bite Mask.png,/Users/joshuahamsa/Library/Mobile Documents/com~apple~CloudDocs/LFGO/Media/Images/Traits/S3 ALL TRAITS/Male Mouth/Bite Mask.png
Blood Sucker.png,png,Male Mouth/Blood Sucker.png,/Users/joshuahamsa/Library/Mobile Documents/com~apple~CloudDocs/LFGO/Media/Images/Traits/S3 ALL TRAITS/Male Mouth/Blood Sucker.png
Buck.png,png,Male Mouth/Buck.png,/Users/joshuahamsa/Library/Mobile Documents/com~apple~CloudDocs/LFGO/Media/Images/Traits/S3 ALL TRAITS/Male Mouth/Buck.png
Casper.png,png,Male Mouth/Casper.png,/Users/joshuahamsa/Library/Mobile Documents/com~apple~CloudDocs/LFGO/Media/Images/Traits/S3 ALL TRAITS/Male Mouth/Casper.png
Cheeky.png,png,Male Mouth/Cheeky.png,/Users/joshuahamsa/Library/Mobile Documents/com~apple~CloudDocs/LFGO/Media/Images/Traits/S3 ALL TRAITS/Male Mouth/Cheeky.png
Cheery.png,png,Male Mouth/Cheery.png,/Users/joshuahamsa/Library/Mobile Documents/com~apple~CloudDocs/LFGO/Media/Images/Traits/S3 ALL TRAITS/Male Mouth/Cheery.png
Cheesy.png,png,Male Mouth/Cheesy.png,/Users/joshuahamsa/Library/Mobile Documents/com~apple~CloudDocs/LFGO/Media/Images/Traits/S3 ALL TRAITS/Male Mouth/Cheesy.png
Confident.png,png,Male Mouth/Confident.png,/Users/joshuahamsa/Library/Mobile Documents/com~apple~CloudDocs/LFGO/Media/Images/Traits/S3 ALL TRAITS/Male Mouth/Confident.png
Crush Mouth.png,png,Male Mouth/Crush Mouth.png,/Users/joshuahamsa/Library/Mobile Documents/com~apple~CloudDocs/LFGO/Media/Images/Traits/S3 ALL TRAITS/Male Mouth/Crush Mouth.png
Davy Jones Beard.png,png,Male Mouth/Davy Jones Beard.png,/Users/joshuahamsa/Library/Mobile Documents/com~apple~CloudDocs/LFGO/Media/Images/Traits/S3 ALL TRAITS/Male Mouth/Davy Jones Beard.png
Day of the Dead.png,png,Male Mouth/Day of the Dead.png,/Users/joshuahamsa/Library/Mobile Documents/com~apple~CloudDocs/LFGO/Media/Images/Traits/S3 ALL TRAITS/Male Mouth/Day of the Dead.png
Evil Clown.png,png,Male Mouth/Evil Clown.png,/Users/joshuahamsa/Library/Mobile Documents/com~apple~CloudDocs/LFGO/Media/Images/Traits/S3 ALL TRAITS/Male Mouth/Evil Clown.png
Fang.png,png,Male Mouth/Fang.png,/Users/joshuahamsa/Library/Mobile Documents/com~apple~CloudDocs/LFGO/Media/Images/Traits/S3 ALL TRAITS/Male Mouth/Fang.png
Fangs Overbite.png,png,Male Mouth/Fangs Overbite.png,/Users/joshuahamsa/Library/Mobile Documents/com~apple~CloudDocs/LFGO/Media/Images/Traits/S3 ALL TRAITS/Male Mouth/Fangs Overbite.png
Fangs.png,png,Male Mouth/Fangs.png,/Users/joshuahamsa/Library/Mobile Documents/com~apple~CloudDocs/LFGO/Media/Images/Traits/S3 ALL TRAITS/Male Mouth/Fangs.png
Freckled Freak.png,png,Male Mouth/Freckled Freak.png,/Users/joshuahamsa/Library/Mobile Documents/com~apple~CloudDocs/LFGO/Media/Images/Traits/S3 ALL TRAITS/Male Mouth/Freckled Freak.png
Gragh.png,png,Male Mouth/Gragh.png,/Users/joshuahamsa/Library/Mobile Documents/com~apple~CloudDocs/LFGO/Media/Images/Traits/S3 ALL TRAITS/Male Mouth/Gragh.png
Grit.png,png,Male Mouth/Grit.png,/Users/joshuahamsa/Library/Mobile Documents/com~apple~CloudDocs/LFGO/Media/Images/Traits/S3 ALL TRAITS/Male Mouth/Grit.png
Hopeful.png,png,Male Mouth/Hopeful.png,/Users/joshuahamsa/Library/Mobile Documents/com~apple~CloudDocs/LFGO/Media/Images/Traits/S3 ALL TRAITS/Male Mouth/Hopeful.png
I Vant to Suck Your Blahd.png,png,Male Mouth/I Vant to Suck Your Blahd.png,/Users/joshuahamsa/Library/Mobile Documents/com~apple~CloudDocs/LFGO/Media/Images/Traits/S3 ALL TRAITS/Male Mouth/I Vant to Suck Your Blahd.png
Inspiring.png,png,Male Mouth/Inspiring.png,/Users/joshuahamsa/Library/Mobile Documents/com~apple~CloudDocs/LFGO/Media/Images/Traits/S3 ALL TRAITS/Male Mouth/Inspiring.png
Lycanthrope.png,png,Male Mouth/Lycanthrope.png,/Users/joshuahamsa/Library/Mobile Documents/com~apple~CloudDocs/LFGO/Media/Images/Traits/S3 ALL TRAITS/Male Mouth/Lycanthrope.png
Missing Tooth.png,png,Male Mouth/Missing Tooth.png,/Users/joshuahamsa/Library/Mobile Documents/com~apple~CloudDocs/LFGO/Media/Images/Traits/S3 ALL TRAITS/Male Mouth/Missing Tooth.png
Monster.png,png,Male Mouth/Monster.png,/Users/joshuahamsa/Library/Mobile Documents/com~apple~CloudDocs/LFGO/Media/Images/Traits/S3 ALL TRAITS/Male Mouth/Monster.png
My First Mustache.png,png,Male Mouth/My First Mustache.png,/Users/joshuahamsa/Library/Mobile Documents/com~apple~CloudDocs/LFGO/Media/Images/Traits/S3 ALL TRAITS/Male Mouth/My First Mustache.png
Nightmare Grin.png,png,Male Mouth/Nightmare Grin.png,/Users/joshuahamsa/Library/Mobile Documents/com~apple~CloudDocs/LFGO/Media/Images/Traits/S3 ALL TRAITS/Male Mouth/Nightmare Grin.png
Rainbow Puke.png,png,Male Mouth/Rainbow Puke.png,/Users/joshuahamsa/Library/Mobile Documents/com~apple~CloudDocs/LFGO/Media/Images/Traits/S3 ALL TRAITS/Male Mouth/Rainbow Puke.png
Scared.png,png,Male Mouth/Scared.png,/Users/joshuahamsa/Library/Mobile Documents/com~apple~CloudDocs/LFGO/Media/Images/Traits/S3 ALL TRAITS/Male Mouth/Scared.png
Silly.png,png,Male Mouth/Silly.png,/Users/joshuahamsa/Library/Mobile Documents/com~apple~CloudDocs/LFGO/Media/Images/Traits/S3 ALL TRAITS/Male Mouth/Silly.png
Sludge Mouth.png,png,Male Mouth/Sludge Mouth.png,/Users/joshuahamsa/Library/Mobile Documents/com~apple~CloudDocs/LFGO/Media/Images/Traits/S3 ALL TRAITS/Male Mouth/Sludge Mouth.png
Smile Convincing.png,png,Male Mouth/Smile Convincing.png,/Users/joshuahamsa/Library/Mobile Documents/com~apple~CloudDocs/LFGO/Media/Images/Traits/S3 ALL TRAITS/Male Mouth/Smile Convincing.png
Smirk Confident.png,png,Male Mouth/Smirk Confident.png,/Users/joshuahamsa/Library/Mobile Documents/com~apple~CloudDocs/LFGO/Media/Images/Traits/S3 ALL TRAITS/Male Mouth/Smirk Confident.png
Smirk.png,png,Male Mouth/Smirk.png,/Users/joshuahamsa/Library/Mobile Documents/com~apple~CloudDocs/LFGO/Media/Images/Traits/S3 ALL TRAITS/Male Mouth/Smirk.png
Stitched.png,png,Male Mouth/Stitched.png,/Users/joshuahamsa/Library/Mobile Documents/com~apple~CloudDocs/LFGO/Media/Images/Traits/S3 ALL TRAITS/Male Mouth/Stitched.png
Successful.png,png,Male Mouth/Successful.png,/Users/joshuahamsa/Library/Mobile Documents/com~apple~CloudDocs/LFGO/Media/Images/Traits/S3 ALL TRAITS/Male Mouth/Successful.png
Surprised.png,png,Male Mouth/Surprised.png,/Users/joshuahamsa/Library/Mobile Documents/com~apple~CloudDocs/LFGO/Media/Images/Traits/S3 ALL TRAITS/Male Mouth/Surprised.png
Threaded.png,png,Male Mouth/Threaded.png,/Users/joshuahamsa/Library/Mobile Documents/com~apple~CloudDocs/LFGO/Media/Images/Traits/S3 ALL TRAITS/Male Mouth/Threaded.png
Too Cold.png,png,Male Mouth/Too Cold.png,/Users/joshuahamsa/Library/Mobile Documents/com~apple~CloudDocs/LFGO/Media/Images/Traits/S3 ALL TRAITS/Male Mouth/Too Cold.png
Uhhhhh.png,png,Male Mouth/Uhhhhh.png,/Users/joshuahamsa/Library/Mobile Documents/com~apple~CloudDocs/LFGO/Media/Images/Traits/S3 ALL TRAITS/Male Mouth/Uhhhhh.png
Urgh.png,png,Male Mouth/Urgh.png,/Users/joshuahamsa/Library/Mobile Documents/com~apple~CloudDocs/LFGO/Media/Images/Traits/S3 ALL TRAITS/Male Mouth/Urgh.png
Wanna Play A Game.png,png,Male Mouth/Wanna Play A Game.png,/Users/joshuahamsa/Library/Mobile Documents/com~apple~CloudDocs/LFGO/Media/Images/Traits/S3 ALL TRAITS/Male Mouth/Wanna Play A Game.png
Wizard Beard.png,png,Male Mouth/Wizard Beard.png,/Users/joshuahamsa/Library/Mobile Documents/com~apple~CloudDocs/LFGO/Media/Images/Traits/S3 ALL TRAITS/Male Mouth/Wizard Beard.png
